username,following,followers,date
AlexLanglois_,158.0,20322.0,2021-12-31
AlexLanglois_,158.0,20321.0,2022-01-01
AlexLanglois_,158.0,20323.0,2022-01-02
AlexLanglois_,158.0,20318.0,2022-01-03
AlexLanglois_,158.0,20299.0,2022-01-04
AlexLanglois_,158.0,20290.0,2022-01-05
AlexLanglois_,159.0,20279.0,2022-01-06
AlexLanglois_,159.0,20286.0,2022-01-07
AlexLanglois_,159.0,20286.0,2022-01-08
AlexLanglois_,159.0,20284.0,2022-01-09
AlexLanglois_,159.0,20280.0,2022-01-10
AlexLanglois_,159.0,20284.0,2022-01-11
AlexLanglois_,159.0,20278.0,2022-01-12
AlexLanglois_,159.0,20277.0,2022-01-13
AlexLanglois_,159.0,20275.0,2022-01-14
AlexLanglois_,159.0,20273.0,2022-01-15
AlexLanglois_,160.0,20271.0,2022-01-16
AlexLanglois_,160.0,20266.0,2022-01-17
AlexLanglois_,160.0,20271.0,2022-01-18
AlexLanglois_,160.0,20270.0,2022-01-19
AlexLanglois_,160.0,20269.0,2022-01-20
AlexLanglois_,160.0,20271.0,2022-01-21
AlexLanglois_,161.0,20275.0,2022-01-22
AlexLanglois_,161.0,20273.0,2022-01-23
AlexLanglois_,161.0,20266.0,2022-01-24
AlexLanglois_,161.0,20260.0,2022-01-25
AlexLanglois_,161.0,20264.0,2022-01-26
AlexLanglois_,161.0,20264.0,2022-01-27
AlexLanglois_,161.0,20274.0,2022-01-28
AlexLanglois_,161.0,20274.0,2022-01-29
AlexLanglois_,161.0,20274.0,2022-01-30
AlexLanglois_,161.0,20274.0,2022-01-31
AlexLanglois_,161.0,20274.0,2022-02-01
AlexLanglois_,161.0,20275.0,2022-02-02
AlexLanglois_,161.0,20275.0,2022-02-03
AlexLanglois_,161.0,20279.0,2022-02-04
AlexLanglois_,161.0,20276.0,2022-02-05
AlexLanglois_,161.0,20277.0,2022-02-06
AlexLanglois_,161.0,20277.0,2022-02-07
AlexLanglois_,162.0,20276.0,2022-02-08
AlexLanglois_,162.0,20272.0,2022-02-09
AlexLanglois_,162.0,20274.0,2022-02-10
AlexLanglois_,162.0,20281.0,2022-02-11
AlexLanglois_,162.0,20277.0,2022-02-12
AlexLanglois_,162.0,20273.0,2022-02-13
AlexLanglois_,162.0,20275.0,2022-02-14
AnasseKazib,1608.0,59181.0,2021-12-31
AnasseKazib,1611.0,59238.0,2022-01-01
AnasseKazib,1613.0,59274.0,2022-01-02
AnasseKazib,1615.0,59336.0,2022-01-03
AnasseKazib,1616.0,59417.0,2022-01-04
AnasseKazib,1617.0,59522.0,2022-01-05
AnasseKazib,1618.0,59651.0,2022-01-06
AnasseKazib,1618.0,59795.0,2022-01-07
AnasseKazib,1617.0,59875.0,2022-01-08
AnasseKazib,1617.0,59944.0,2022-01-09
AnasseKazib,1619.0,60013.0,2022-01-10
AnasseKazib,1621.0,60086.0,2022-01-11
AnasseKazib,1623.0,60183.0,2022-01-12
AnasseKazib,1624.0,60276.0,2022-01-13
AnasseKazib,1624.0,60347.0,2022-01-14
AnasseKazib,1627.0,60399.0,2022-01-15
AnasseKazib,1627.0,60485.0,2022-01-16
AnasseKazib,1629.0,60538.0,2022-01-17
AnasseKazib,1630.0,60633.0,2022-01-18
AnasseKazib,1632.0,60682.0,2022-01-19
AnasseKazib,1634.0,60735.0,2022-01-20
AnasseKazib,1636.0,60792.0,2022-01-21
AnasseKazib,1636.0,60817.0,2022-01-22
AnasseKazib,1635.0,60864.0,2022-01-23
AnasseKazib,1636.0,61037.0,2022-01-24
AnasseKazib,1643.0,61109.0,2022-01-25
AnasseKazib,1643.0,61182.0,2022-01-26
AnasseKazib,1645.0,61253.0,2022-01-27
AnasseKazib,1644.0,61319.0,2022-01-28
AnasseKazib,1646.0,61376.0,2022-01-29
AnasseKazib,1648.0,61433.0,2022-01-30
AnasseKazib,1650.0,61490.0,2022-01-31
AnasseKazib,1652.0,61547.0,2022-02-01
AnasseKazib,1658.0,61605.0,2022-02-02
AnasseKazib,1656.0,61639.0,2022-02-03
AnasseKazib,1657.0,61733.0,2022-02-04
AnasseKazib,1658.0,61813.0,2022-02-05
AnasseKazib,1659.0,61871.0,2022-02-06
AnasseKazib,1659.0,61931.0,2022-02-07
AnasseKazib,1676.0,62174.0,2022-02-08
AnasseKazib,1677.0,62416.0,2022-02-09
AnasseKazib,1680.0,62907.0,2022-02-10
AnasseKazib,1682.0,63198.0,2022-02-11
AnasseKazib,1682.0,63458.0,2022-02-12
AnasseKazib,1682.0,63597.0,2022-02-13
AnasseKazib,1684.0,63718.0,2022-02-14
Anne_Hidalgo,16707.0,1538385.0,2021-12-31
Anne_Hidalgo,16708.0,1538462.0,2022-01-01
Anne_Hidalgo,16706.0,1538528.0,2022-01-02
Anne_Hidalgo,16704.0,1538631.0,2022-01-03
Anne_Hidalgo,16705.0,1538707.0,2022-01-04
Anne_Hidalgo,16705.0,1538855.0,2022-01-05
Anne_Hidalgo,16705.0,1538998.0,2022-01-06
Anne_Hidalgo,16705.0,1539102.0,2022-01-07
Anne_Hidalgo,16702.0,1539213.0,2022-01-08
Anne_Hidalgo,16700.0,1539287.0,2022-01-09
Anne_Hidalgo,16697.0,1539456.0,2022-01-10
Anne_Hidalgo,16694.0,1539472.0,2022-01-11
Anne_Hidalgo,16694.0,1539593.0,2022-01-12
Anne_Hidalgo,16693.0,1539685.0,2022-01-13
Anne_Hidalgo,16686.0,1539811.0,2022-01-14
Anne_Hidalgo,16687.0,1539895.0,2022-01-15
Anne_Hidalgo,16689.0,1540015.0,2022-01-16
Anne_Hidalgo,16684.0,1540163.0,2022-01-17
Anne_Hidalgo,16681.0,1540291.0,2022-01-18
Anne_Hidalgo,16678.0,1540387.0,2022-01-19
Anne_Hidalgo,16680.0,1540539.0,2022-01-20
Anne_Hidalgo,16678.0,1540578.0,2022-01-21
Anne_Hidalgo,16676.0,1540685.0,2022-01-22
Anne_Hidalgo,16675.0,1540755.0,2022-01-23
Anne_Hidalgo,16677.0,1540865.0,2022-01-24
Anne_Hidalgo,16677.0,1540948.0,2022-01-25
Anne_Hidalgo,16677.0,1541073.0,2022-01-26
Anne_Hidalgo,16675.0,1541165.0,2022-01-27
Anne_Hidalgo,16676.0,1541224.0,2022-01-28
Anne_Hidalgo,16674.0,1541293.0,2022-01-29
Anne_Hidalgo,16673.0,1541362.0,2022-01-30
Anne_Hidalgo,16672.0,1541431.0,2022-01-31
Anne_Hidalgo,16671.0,1541501.0,2022-02-01
Anne_Hidalgo,16671.0,1541546.0,2022-02-02
Anne_Hidalgo,16672.0,1541611.0,2022-02-03
Anne_Hidalgo,16674.0,1541661.0,2022-02-04
Anne_Hidalgo,16674.0,1541668.0,2022-02-05
Anne_Hidalgo,16675.0,1541722.0,2022-02-06
Anne_Hidalgo,16672.0,1541759.0,2022-02-07
Anne_Hidalgo,16672.0,1541822.0,2022-02-08
Anne_Hidalgo,16671.0,1541888.0,2022-02-09
Anne_Hidalgo,16670.0,1541961.0,2022-02-10
Anne_Hidalgo,16667.0,1542060.0,2022-02-11
Anne_Hidalgo,16666.0,1542130.0,2022-02-12
Anne_Hidalgo,16666.0,1542181.0,2022-02-13
Anne_Hidalgo,16665.0,1542237.0,2022-02-14
ChTaubira,352.0,820567.0,2022-01-06
ChTaubira,352.0,821015.0,2022-01-07
ChTaubira,352.0,821330.0,2022-01-08
ChTaubira,352.0,821590.0,2022-01-09
ChTaubira,352.0,822112.0,2022-01-10
ChTaubira,352.0,822239.0,2022-01-11
ChTaubira,352.0,822472.0,2022-01-12
ChTaubira,352.0,822798.0,2022-01-13
ChTaubira,352.0,822993.0,2022-01-14
ChTaubira,352.0,823157.0,2022-01-15
ChTaubira,380.0,825670.0,2022-01-16
ChTaubira,392.0,826469.0,2022-01-17
ChTaubira,392.0,826927.0,2022-01-18
ChTaubira,393.0,827323.0,2022-01-19
ChTaubira,395.0,827592.0,2022-01-20
ChTaubira,399.0,827783.0,2022-01-21
ChTaubira,399.0,827968.0,2022-01-22
ChTaubira,399.0,828265.0,2022-01-23
ChTaubira,399.0,828498.0,2022-01-24
ChTaubira,399.0,828753.0,2022-01-25
ChTaubira,399.0,829037.0,2022-01-26
ChTaubira,400.0,829299.0,2022-01-27
ChTaubira,474.0,829278.0,2022-01-28
ChTaubira,475.0,829851.0,2022-01-29
ChTaubira,476.0,830424.0,2022-01-30
ChTaubira,477.0,830997.0,2022-01-31
ChTaubira,478.0,831570.0,2022-02-01
ChTaubira,478.0,831717.0,2022-02-02
ChTaubira,478.0,831860.0,2022-02-03
ChTaubira,478.0,831938.0,2022-02-04
ChTaubira,478.0,831973.0,2022-02-05
ChTaubira,478.0,832094.0,2022-02-06
ChTaubira,478.0,832175.0,2022-02-07
ChTaubira,479.0,832293.0,2022-02-08
ChTaubira,479.0,832333.0,2022-02-09
ChTaubira,479.0,832360.0,2022-02-10
ChTaubira,479.0,832370.0,2022-02-11
ChTaubira,479.0,832451.0,2022-02-12
ChTaubira,479.0,832321.0,2022-02-13
ChTaubira,479.0,832313.0,2022-02-14
ClaraEgger1,228.0,692.0,2021-12-31
ClaraEgger1,228.0,694.0,2022-01-01
ClaraEgger1,228.0,695.0,2022-01-02
ClaraEgger1,228.0,697.0,2022-01-03
ClaraEgger1,228.0,699.0,2022-01-04
ClaraEgger1,229.0,700.0,2022-01-05
ClaraEgger1,229.0,711.0,2022-01-06
ClaraEgger1,229.0,712.0,2022-01-07
ClaraEgger1,229.0,721.0,2022-01-08
ClaraEgger1,229.0,735.0,2022-01-09
ClaraEgger1,229.0,751.0,2022-01-10
ClaraEgger1,229.0,754.0,2022-01-11
ClaraEgger1,230.0,764.0,2022-01-12
ClaraEgger1,231.0,768.0,2022-01-13
ClaraEgger1,232.0,776.0,2022-01-14
ClaraEgger1,232.0,781.0,2022-01-15
ClaraEgger1,232.0,791.0,2022-01-16
ClaraEgger1,232.0,800.0,2022-01-17
ClaraEgger1,232.0,803.0,2022-01-18
ClaraEgger1,232.0,809.0,2022-01-19
ClaraEgger1,232.0,813.0,2022-01-20
ClaraEgger1,232.0,820.0,2022-01-21
ClaraEgger1,232.0,829.0,2022-01-22
ClaraEgger1,232.0,841.0,2022-01-23
ClaraEgger1,232.0,846.0,2022-01-24
ClaraEgger1,232.0,851.0,2022-01-25
ClaraEgger1,232.0,852.0,2022-01-26
ClaraEgger1,235.0,858.0,2022-01-27
ClaraEgger1,236.0,863.0,2022-01-28
ClaraEgger1,237.0,875.0,2022-01-29
ClaraEgger1,239.0,888.0,2022-01-30
ClaraEgger1,241.0,900.0,2022-01-31
ClaraEgger1,243.0,913.0,2022-02-01
ClaraEgger1,243.0,953.0,2022-02-02
ClaraEgger1,243.0,972.0,2022-02-03
ClaraEgger1,243.0,988.0,2022-02-04
ClaraEgger1,243.0,1003.0,2022-02-05
ClaraEgger1,243.0,1015.0,2022-02-06
ClaraEgger1,243.0,1028.0,2022-02-07
ClaraEgger1,245.0,1041.0,2022-02-08
ClaraEgger1,245.0,1053.0,2022-02-09
ClaraEgger1,246.0,1064.0,2022-02-10
ClaraEgger1,246.0,1067.0,2022-02-11
ClaraEgger1,246.0,1074.0,2022-02-12
ClaraEgger1,246.0,1079.0,2022-02-13
ClaraEgger1,247.0,1100.0,2022-02-14
DenisPayre,1360.0,25315.0,2021-12-31
DenisPayre,1362.0,25333.0,2022-01-01
DenisPayre,1364.0,25444.0,2022-01-02
DenisPayre,1365.0,25467.0,2022-01-03
DenisPayre,1364.0,25494.0,2022-01-04
DenisPayre,1369.0,25546.0,2022-01-05
DenisPayre,1378.0,25575.0,2022-01-06
DenisPayre,1378.0,25590.0,2022-01-07
DenisPayre,1380.0,25620.0,2022-01-08
DenisPayre,1380.0,25655.0,2022-01-09
DenisPayre,1382.0,25676.0,2022-01-10
DenisPayre,1383.0,25685.0,2022-01-11
DenisPayre,1384.0,25711.0,2022-01-12
DenisPayre,1384.0,25717.0,2022-01-13
DenisPayre,1385.0,25734.0,2022-01-14
DenisPayre,1385.0,25743.0,2022-01-15
DenisPayre,1385.0,25744.0,2022-01-16
DenisPayre,1389.0,25759.0,2022-01-17
DenisPayre,1390.0,25766.0,2022-01-18
DenisPayre,1393.0,25775.0,2022-01-19
DenisPayre,1395.0,25796.0,2022-01-20
DenisPayre,1394.0,25833.0,2022-01-21
DenisPayre,1394.0,25858.0,2022-01-22
DenisPayre,1396.0,25913.0,2022-01-23
DenisPayre,1397.0,25938.0,2022-01-24
DenisPayre,1398.0,25951.0,2022-01-25
DenisPayre,1398.0,25964.0,2022-01-26
DenisPayre,1398.0,25988.0,2022-01-27
DenisPayre,1399.0,26005.0,2022-01-28
DenisPayre,1400.0,26017.0,2022-01-29
DenisPayre,1401.0,26029.0,2022-01-30
DenisPayre,1402.0,26041.0,2022-01-31
DenisPayre,1403.0,26054.0,2022-02-01
DenisPayre,1404.0,26072.0,2022-02-02
DenisPayre,1404.0,26079.0,2022-02-03
DenisPayre,1406.0,26101.0,2022-02-04
DenisPayre,1406.0,26140.0,2022-02-05
DenisPayre,1409.0,26202.0,2022-02-06
DenisPayre,1409.0,26219.0,2022-02-07
DenisPayre,1409.0,26234.0,2022-02-08
DenisPayre,1411.0,26243.0,2022-02-09
DenisPayre,1414.0,26250.0,2022-02-10
DenisPayre,1415.0,26262.0,2022-02-11
DenisPayre,1417.0,26321.0,2022-02-12
DenisPayre,1418.0,26359.0,2022-02-13
DenisPayre,1419.0,26377.0,2022-02-14
EmmanuelMacron,724.0,7506705.0,2021-12-31
EmmanuelMacron,724.0,7508008.0,2022-01-01
EmmanuelMacron,724.0,7509735.0,2022-01-02
EmmanuelMacron,724.0,7511826.0,2022-01-03
EmmanuelMacron,724.0,7513684.0,2022-01-04
EmmanuelMacron,724.0,7516725.0,2022-01-05
EmmanuelMacron,724.0,7520898.0,2022-01-06
EmmanuelMacron,724.0,7523014.0,2022-01-07
EmmanuelMacron,724.0,7525366.0,2022-01-08
EmmanuelMacron,724.0,7527633.0,2022-01-09
EmmanuelMacron,724.0,7530912.0,2022-01-10
EmmanuelMacron,724.0,7532181.0,2022-01-11
EmmanuelMacron,724.0,7534462.0,2022-01-12
EmmanuelMacron,724.0,7536945.0,2022-01-13
EmmanuelMacron,724.0,7539290.0,2022-01-14
EmmanuelMacron,724.0,7541562.0,2022-01-15
EmmanuelMacron,724.0,7543768.0,2022-01-16
EmmanuelMacron,724.0,7546137.0,2022-01-17
EmmanuelMacron,724.0,7548307.0,2022-01-18
EmmanuelMacron,724.0,7550763.0,2022-01-19
EmmanuelMacron,724.0,7553142.0,2022-01-20
EmmanuelMacron,724.0,7555525.0,2022-01-21
EmmanuelMacron,724.0,7558030.0,2022-01-22
EmmanuelMacron,724.0,7560397.0,2022-01-23
EmmanuelMacron,724.0,7562949.0,2022-01-24
EmmanuelMacron,724.0,7565500.0,2022-01-25
EmmanuelMacron,724.0,7568388.0,2022-01-26
EmmanuelMacron,724.0,7572346.0,2022-01-27
EmmanuelMacron,724.0,7574680.0,2022-01-28
EmmanuelMacron,724.0,7577619.0,2022-01-29
EmmanuelMacron,724.0,7580558.0,2022-01-30
EmmanuelMacron,724.0,7583497.0,2022-01-31
EmmanuelMacron,724.0,7586436.0,2022-02-01
EmmanuelMacron,724.0,7589368.0,2022-02-02
EmmanuelMacron,724.0,7590759.0,2022-02-03
EmmanuelMacron,724.0,7592831.0,2022-02-04
EmmanuelMacron,724.0,7595085.0,2022-02-05
EmmanuelMacron,724.0,7597805.0,2022-02-06
EmmanuelMacron,724.0,7600551.0,2022-02-07
EmmanuelMacron,724.0,7603384.0,2022-02-08
EmmanuelMacron,724.0,7606229.0,2022-02-09
EmmanuelMacron,724.0,7608662.0,2022-02-10
EmmanuelMacron,725.0,7610750.0,2022-02-11
EmmanuelMacron,725.0,7613103.0,2022-02-12
EmmanuelMacron,725.0,7615267.0,2022-02-13
EmmanuelMacron,725.0,7617540.0,2022-02-14
Fabien_Roussel,497.0,34587.0,2021-12-31
Fabien_Roussel,498.0,34950.0,2022-01-01
Fabien_Roussel,498.0,35104.0,2022-01-02
Fabien_Roussel,498.0,35170.0,2022-01-03
Fabien_Roussel,499.0,35325.0,2022-01-04
Fabien_Roussel,499.0,35511.0,2022-01-05
Fabien_Roussel,499.0,35815.0,2022-01-06
Fabien_Roussel,498.0,36072.0,2022-01-07
Fabien_Roussel,498.0,36385.0,2022-01-08
Fabien_Roussel,498.0,36523.0,2022-01-09
Fabien_Roussel,499.0,38172.0,2022-01-10
Fabien_Roussel,499.0,38728.0,2022-01-11
Fabien_Roussel,501.0,39790.0,2022-01-12
Fabien_Roussel,502.0,40560.0,2022-01-13
Fabien_Roussel,503.0,40948.0,2022-01-14
Fabien_Roussel,503.0,41355.0,2022-01-15
Fabien_Roussel,503.0,41711.0,2022-01-16
Fabien_Roussel,503.0,42848.0,2022-01-17
Fabien_Roussel,505.0,44683.0,2022-01-18
Fabien_Roussel,505.0,46587.0,2022-01-19
Fabien_Roussel,505.0,47365.0,2022-01-20
Fabien_Roussel,505.0,47659.0,2022-01-21
Fabien_Roussel,505.0,48106.0,2022-01-22
Fabien_Roussel,505.0,48690.0,2022-01-23
Fabien_Roussel,506.0,49164.0,2022-01-24
Fabien_Roussel,507.0,49494.0,2022-01-25
Fabien_Roussel,509.0,49847.0,2022-01-26
Fabien_Roussel,510.0,50794.0,2022-01-27
Fabien_Roussel,511.0,51116.0,2022-01-28
Fabien_Roussel,512.0,51660.0,2022-01-29
Fabien_Roussel,513.0,52205.0,2022-01-30
Fabien_Roussel,514.0,52749.0,2022-01-31
Fabien_Roussel,515.0,53294.0,2022-02-01
Fabien_Roussel,516.0,55245.0,2022-02-02
Fabien_Roussel,516.0,56232.0,2022-02-03
Fabien_Roussel,517.0,56997.0,2022-02-04
Fabien_Roussel,517.0,57353.0,2022-02-05
Fabien_Roussel,516.0,57583.0,2022-02-06
Fabien_Roussel,517.0,58645.0,2022-02-07
Fabien_Roussel,517.0,59325.0,2022-02-08
Fabien_Roussel,517.0,59765.0,2022-02-09
Fabien_Roussel,518.0,60090.0,2022-02-10
Fabien_Roussel,518.0,60417.0,2022-02-11
Fabien_Roussel,519.0,60740.0,2022-02-12
Fabien_Roussel,520.0,60975.0,2022-02-13
Fabien_Roussel,520.0,61532.0,2022-02-14
HeleneThouy,485.0,8098.0,2021-12-31
HeleneThouy,485.0,8121.0,2022-01-01
HeleneThouy,485.0,8157.0,2022-01-02
HeleneThouy,485.0,8173.0,2022-01-03
HeleneThouy,486.0,8213.0,2022-01-04
HeleneThouy,486.0,8289.0,2022-01-05
HeleneThouy,486.0,8325.0,2022-01-06
HeleneThouy,487.0,8358.0,2022-01-07
HeleneThouy,487.0,8424.0,2022-01-08
HeleneThouy,488.0,8449.0,2022-01-09
HeleneThouy,489.0,8504.0,2022-01-10
HeleneThouy,489.0,8539.0,2022-01-11
HeleneThouy,490.0,8639.0,2022-01-12
HeleneThouy,490.0,8689.0,2022-01-13
HeleneThouy,490.0,8751.0,2022-01-14
HeleneThouy,490.0,8787.0,2022-01-15
HeleneThouy,498.0,8847.0,2022-01-16
HeleneThouy,504.0,8937.0,2022-01-17
HeleneThouy,506.0,8990.0,2022-01-18
HeleneThouy,508.0,9037.0,2022-01-19
HeleneThouy,508.0,9085.0,2022-01-20
HeleneThouy,508.0,9126.0,2022-01-21
HeleneThouy,510.0,9163.0,2022-01-22
HeleneThouy,511.0,9262.0,2022-01-23
HeleneThouy,511.0,9304.0,2022-01-24
HeleneThouy,513.0,9342.0,2022-01-25
HeleneThouy,514.0,9379.0,2022-01-26
HeleneThouy,515.0,9444.0,2022-01-27
HeleneThouy,515.0,9467.0,2022-01-28
HeleneThouy,515.0,9500.0,2022-01-29
HeleneThouy,515.0,9533.0,2022-01-30
HeleneThouy,515.0,9566.0,2022-01-31
HeleneThouy,516.0,9599.0,2022-02-01
HeleneThouy,520.0,9666.0,2022-02-02
HeleneThouy,520.0,9680.0,2022-02-03
HeleneThouy,520.0,9711.0,2022-02-04
HeleneThouy,521.0,9771.0,2022-02-05
HeleneThouy,521.0,9804.0,2022-02-06
HeleneThouy,521.0,9837.0,2022-02-07
HeleneThouy,521.0,9859.0,2022-02-08
HeleneThouy,521.0,9924.0,2022-02-09
HeleneThouy,521.0,9982.0,2022-02-10
HeleneThouy,522.0,10037.0,2022-02-11
HeleneThouy,523.0,10132.0,2022-02-12
HeleneThouy,523.0,10202.0,2022-02-13
HeleneThouy,524.0,10267.0,2022-02-14
JLMelenchon,4844.0,2330383.0,2021-12-31
JLMelenchon,4843.0,2330732.0,2022-01-01
JLMelenchon,4842.0,2331161.0,2022-01-02
JLMelenchon,4840.0,2331560.0,2022-01-03
JLMelenchon,4840.0,2332768.0,2022-01-04
JLMelenchon,4840.0,2334929.0,2022-01-05
JLMelenchon,4840.0,2337131.0,2022-01-06
JLMelenchon,4840.0,2337877.0,2022-01-07
JLMelenchon,4840.0,2338580.0,2022-01-08
JLMelenchon,4840.0,2339264.0,2022-01-09
JLMelenchon,4836.0,2340815.0,2022-01-10
JLMelenchon,4836.0,2341425.0,2022-01-11
JLMelenchon,4836.0,2342144.0,2022-01-12
JLMelenchon,4836.0,2342831.0,2022-01-13
JLMelenchon,4836.0,2343691.0,2022-01-14
JLMelenchon,4835.0,2344272.0,2022-01-15
JLMelenchon,4836.0,2345006.0,2022-01-16
JLMelenchon,4837.0,2346076.0,2022-01-17
JLMelenchon,4838.0,2346964.0,2022-01-18
JLMelenchon,4838.0,2347572.0,2022-01-19
JLMelenchon,4838.0,2348071.0,2022-01-20
JLMelenchon,4839.0,2348762.0,2022-01-21
JLMelenchon,4841.0,2349239.0,2022-01-22
JLMelenchon,4841.0,2349799.0,2022-01-23
JLMelenchon,4840.0,2350476.0,2022-01-24
JLMelenchon,4841.0,2351161.0,2022-01-25
JLMelenchon,4840.0,2351898.0,2022-01-26
JLMelenchon,4841.0,2352662.0,2022-01-27
JLMelenchon,4842.0,2354147.0,2022-01-28
JLMelenchon,4842.0,2355400.0,2022-01-29
JLMelenchon,4843.0,2356654.0,2022-01-30
JLMelenchon,4844.0,2357907.0,2022-01-31
JLMelenchon,4845.0,2359161.0,2022-02-01
JLMelenchon,4845.0,2360546.0,2022-02-02
JLMelenchon,4845.0,2361117.0,2022-02-03
JLMelenchon,4846.0,2361703.0,2022-02-04
JLMelenchon,4846.0,2362228.0,2022-02-05
JLMelenchon,4846.0,2362837.0,2022-02-06
JLMelenchon,4850.0,2363606.0,2022-02-07
JLMelenchon,4850.0,2364290.0,2022-02-08
JLMelenchon,4850.0,2364888.0,2022-02-09
JLMelenchon,4850.0,2365486.0,2022-02-10
JLMelenchon,4850.0,2366651.0,2022-02-11
JLMelenchon,4851.0,2367657.0,2022-02-12
JLMelenchon,4850.0,2368308.0,2022-02-13
JLMelenchon,4851.0,2369401.0,2022-02-14
JaclineMouraud,524.0,6326.0,2021-12-31
JaclineMouraud,524.0,6388.0,2022-01-01
JaclineMouraud,525.0,6415.0,2022-01-02
JaclineMouraud,527.0,6444.0,2022-01-03
JaclineMouraud,527.0,6504.0,2022-01-04
JaclineMouraud,527.0,6679.0,2022-01-05
JaclineMouraud,528.0,6937.0,2022-01-06
JaclineMouraud,528.0,7000.0,2022-01-07
JaclineMouraud,528.0,7044.0,2022-01-08
JaclineMouraud,528.0,7061.0,2022-01-09
JaclineMouraud,529.0,7235.0,2022-01-10
JaclineMouraud,530.0,7339.0,2022-01-11
JaclineMouraud,530.0,7531.0,2022-01-12
JaclineMouraud,529.0,7566.0,2022-01-13
JaclineMouraud,529.0,7609.0,2022-01-14
JaclineMouraud,529.0,7708.0,2022-01-15
JaclineMouraud,529.0,7842.0,2022-01-16
JaclineMouraud,529.0,7912.0,2022-01-17
JaclineMouraud,529.0,7931.0,2022-01-18
JaclineMouraud,530.0,7945.0,2022-01-19
JaclineMouraud,532.0,7974.0,2022-01-20
JaclineMouraud,532.0,8035.0,2022-01-21
JaclineMouraud,532.0,8101.0,2022-01-22
JaclineMouraud,532.0,8185.0,2022-01-23
JaclineMouraud,532.0,8221.0,2022-01-24
JaclineMouraud,532.0,8294.0,2022-01-25
JaclineMouraud,535.0,8370.0,2022-01-26
JaclineMouraud,535.0,8466.0,2022-01-27
JaclineMouraud,534.0,8510.0,2022-01-28
JaclineMouraud,534.0,8543.0,2022-01-29
JaclineMouraud,534.0,8577.0,2022-01-30
JaclineMouraud,534.0,8610.0,2022-01-31
JaclineMouraud,534.0,8644.0,2022-02-01
JaclineMouraud,534.0,8676.0,2022-02-02
JaclineMouraud,534.0,8688.0,2022-02-03
JaclineMouraud,534.0,8726.0,2022-02-04
JaclineMouraud,534.0,8730.0,2022-02-05
JaclineMouraud,533.0,8785.0,2022-02-06
JaclineMouraud,533.0,8825.0,2022-02-07
JaclineMouraud,534.0,8841.0,2022-02-08
JaclineMouraud,537.0,8955.0,2022-02-09
JaclineMouraud,537.0,8985.0,2022-02-10
JaclineMouraud,537.0,9005.0,2022-02-11
JaclineMouraud,537.0,9044.0,2022-02-12
JaclineMouraud,538.0,9170.0,2022-02-13
JaclineMouraud,538.0,9364.0,2022-02-14
MLP_officiel,3272.0,2649927.0,2021-12-31
MLP_officiel,3272.0,2650377.0,2022-01-01
MLP_officiel,3272.0,2650913.0,2022-01-02
MLP_officiel,3272.0,2651395.0,2022-01-03
MLP_officiel,3270.0,2651918.0,2022-01-04
MLP_officiel,3267.0,2653153.0,2022-01-05
MLP_officiel,3267.0,2654714.0,2022-01-06
MLP_officiel,3266.0,2655334.0,2022-01-07
MLP_officiel,3266.0,2655896.0,2022-01-08
MLP_officiel,3266.0,2656456.0,2022-01-09
MLP_officiel,3265.0,2657167.0,2022-01-10
MLP_officiel,3265.0,2657499.0,2022-01-11
MLP_officiel,3264.0,2658068.0,2022-01-12
MLP_officiel,3262.0,2658567.0,2022-01-13
MLP_officiel,3262.0,2659041.0,2022-01-14
MLP_officiel,3262.0,2659384.0,2022-01-15
MLP_officiel,3261.0,2659940.0,2022-01-16
MLP_officiel,3260.0,2660588.0,2022-01-17
MLP_officiel,3260.0,2661206.0,2022-01-18
MLP_officiel,3260.0,2661700.0,2022-01-19
MLP_officiel,3259.0,2662258.0,2022-01-20
MLP_officiel,3272.0,2662751.0,2022-01-21
MLP_officiel,3273.0,2663394.0,2022-01-22
MLP_officiel,3273.0,2663917.0,2022-01-23
MLP_officiel,3273.0,2664464.0,2022-01-24
MLP_officiel,3273.0,2664969.0,2022-01-25
MLP_officiel,3273.0,2665521.0,2022-01-26
MLP_officiel,3273.0,2666275.0,2022-01-27
MLP_officiel,3280.0,2666901.0,2022-01-28
MLP_officiel,3280.0,2668331.0,2022-01-29
MLP_officiel,3281.0,2669761.0,2022-01-30
MLP_officiel,3282.0,2671191.0,2022-01-31
MLP_officiel,3283.0,2672622.0,2022-02-01
MLP_officiel,3284.0,2673872.0,2022-02-02
MLP_officiel,3285.0,2674448.0,2022-02-03
MLP_officiel,3287.0,2675066.0,2022-02-04
MLP_officiel,3288.0,2675565.0,2022-02-05
MLP_officiel,3287.0,2676254.0,2022-02-06
MLP_officiel,3287.0,2676892.0,2022-02-07
MLP_officiel,3288.0,2677476.0,2022-02-08
MLP_officiel,3289.0,2677997.0,2022-02-09
MLP_officiel,3290.0,2678412.0,2022-02-10
MLP_officiel,3291.0,2678907.0,2022-02-11
MLP_officiel,3291.0,2679389.0,2022-02-12
MLP_officiel,3292.0,2679812.0,2022-02-13
MLP_officiel,3293.0,2680362.0,2022-02-14
PhilippePoutou,20.0,197597.0,2021-12-31
PhilippePoutou,20.0,197818.0,2022-01-01
PhilippePoutou,20.0,197982.0,2022-01-02
PhilippePoutou,20.0,198062.0,2022-01-03
PhilippePoutou,20.0,198208.0,2022-01-04
PhilippePoutou,20.0,198413.0,2022-01-05
PhilippePoutou,18.0,199265.0,2022-01-06
PhilippePoutou,18.0,199393.0,2022-01-07
PhilippePoutou,18.0,199535.0,2022-01-08
PhilippePoutou,18.0,199645.0,2022-01-09
PhilippePoutou,18.0,199805.0,2022-01-10
PhilippePoutou,18.0,199876.0,2022-01-11
PhilippePoutou,18.0,200037.0,2022-01-12
PhilippePoutou,18.0,200154.0,2022-01-13
PhilippePoutou,18.0,200387.0,2022-01-14
PhilippePoutou,18.0,200513.0,2022-01-15
PhilippePoutou,18.0,200642.0,2022-01-16
PhilippePoutou,18.0,200749.0,2022-01-17
PhilippePoutou,18.0,200913.0,2022-01-18
PhilippePoutou,18.0,201040.0,2022-01-19
PhilippePoutou,18.0,201123.0,2022-01-20
PhilippePoutou,18.0,201194.0,2022-01-21
PhilippePoutou,18.0,201278.0,2022-01-22
PhilippePoutou,18.0,201472.0,2022-01-23
PhilippePoutou,18.0,203124.0,2022-01-24
PhilippePoutou,18.0,204907.0,2022-01-25
PhilippePoutou,18.0,205298.0,2022-01-26
PhilippePoutou,18.0,205457.0,2022-01-27
PhilippePoutou,18.0,205530.0,2022-01-28
PhilippePoutou,18.0,205864.0,2022-01-29
PhilippePoutou,18.0,206199.0,2022-01-30
PhilippePoutou,18.0,206533.0,2022-01-31
PhilippePoutou,18.0,206868.0,2022-02-01
PhilippePoutou,18.0,207088.0,2022-02-02
PhilippePoutou,18.0,207191.0,2022-02-03
PhilippePoutou,18.0,207389.0,2022-02-04
PhilippePoutou,17.0,207493.0,2022-02-05
PhilippePoutou,17.0,207636.0,2022-02-06
PhilippePoutou,17.0,207856.0,2022-02-07
PhilippePoutou,17.0,208024.0,2022-02-08
PhilippePoutou,17.0,209440.0,2022-02-09
PhilippePoutou,17.0,210178.0,2022-02-10
PhilippePoutou,17.0,210778.0,2022-02-11
PhilippePoutou,17.0,211106.0,2022-02-12
PhilippePoutou,17.0,211255.0,2022-02-13
PhilippePoutou,17.0,211418.0,2022-02-14
UPR_Asselineau,747.0,115626.0,2021-12-31
UPR_Asselineau,747.0,115847.0,2022-01-01
UPR_Asselineau,747.0,116103.0,2022-01-02
UPR_Asselineau,747.0,116457.0,2022-01-03
UPR_Asselineau,747.0,116697.0,2022-01-04
UPR_Asselineau,747.0,117229.0,2022-01-05
UPR_Asselineau,747.0,117696.0,2022-01-06
UPR_Asselineau,747.0,118034.0,2022-01-07
UPR_Asselineau,747.0,118264.0,2022-01-08
UPR_Asselineau,747.0,118575.0,2022-01-09
UPR_Asselineau,747.0,118891.0,2022-01-10
UPR_Asselineau,747.0,119017.0,2022-01-11
UPR_Asselineau,748.0,119193.0,2022-01-12
UPR_Asselineau,748.0,119381.0,2022-01-13
UPR_Asselineau,748.0,119570.0,2022-01-14
UPR_Asselineau,749.0,119709.0,2022-01-15
UPR_Asselineau,749.0,119909.0,2022-01-16
UPR_Asselineau,749.0,120133.0,2022-01-17
UPR_Asselineau,749.0,120343.0,2022-01-18
UPR_Asselineau,749.0,120514.0,2022-01-19
UPR_Asselineau,749.0,120682.0,2022-01-20
UPR_Asselineau,749.0,120839.0,2022-01-21
UPR_Asselineau,749.0,120970.0,2022-01-22
UPR_Asselineau,749.0,121157.0,2022-01-23
UPR_Asselineau,749.0,121365.0,2022-01-24
UPR_Asselineau,749.0,121471.0,2022-01-25
UPR_Asselineau,749.0,121666.0,2022-01-26
UPR_Asselineau,752.0,121827.0,2022-01-27
UPR_Asselineau,752.0,121919.0,2022-01-28
UPR_Asselineau,751.0,122162.0,2022-01-29
UPR_Asselineau,751.0,122405.0,2022-01-30
UPR_Asselineau,751.0,122648.0,2022-01-31
UPR_Asselineau,751.0,122892.0,2022-02-01
UPR_Asselineau,751.0,123081.0,2022-02-02
UPR_Asselineau,751.0,123159.0,2022-02-03
UPR_Asselineau,751.0,123344.0,2022-02-04
UPR_Asselineau,751.0,123456.0,2022-02-05
UPR_Asselineau,751.0,123630.0,2022-02-06
UPR_Asselineau,751.0,123802.0,2022-02-07
UPR_Asselineau,751.0,124031.0,2022-02-08
UPR_Asselineau,751.0,124180.0,2022-02-09
UPR_Asselineau,751.0,124390.0,2022-02-10
UPR_Asselineau,751.0,124521.0,2022-02-11
UPR_Asselineau,751.0,124666.0,2022-02-12
UPR_Asselineau,752.0,124803.0,2022-02-13
UPR_Asselineau,752.0,125037.0,2022-02-14
Vukuzman,1240.0,17652.0,2021-12-31
Vukuzman,1238.0,17666.0,2022-01-01
Vukuzman,1238.0,17704.0,2022-01-02
Vukuzman,1238.0,17795.0,2022-01-03
Vukuzman,1239.0,17847.0,2022-01-04
Vukuzman,1240.0,17874.0,2022-01-05
Vukuzman,1240.0,17920.0,2022-01-06
Vukuzman,1241.0,17955.0,2022-01-07
Vukuzman,1241.0,17985.0,2022-01-08
Vukuzman,1240.0,18013.0,2022-01-09
Vukuzman,1240.0,18066.0,2022-01-10
Vukuzman,1240.0,18092.0,2022-01-11
Vukuzman,1243.0,18173.0,2022-01-12
Vukuzman,1245.0,18243.0,2022-01-13
Vukuzman,1247.0,18270.0,2022-01-14
Vukuzman,1248.0,18283.0,2022-01-15
Vukuzman,1249.0,18321.0,2022-01-16
Vukuzman,1249.0,18351.0,2022-01-17
Vukuzman,1251.0,18405.0,2022-01-18
Vukuzman,1251.0,18440.0,2022-01-19
Vukuzman,1251.0,18478.0,2022-01-20
Vukuzman,1251.0,18511.0,2022-01-21
Vukuzman,1251.0,18525.0,2022-01-22
Vukuzman,1251.0,18559.0,2022-01-23
Vukuzman,1251.0,18594.0,2022-01-24
Vukuzman,1251.0,18645.0,2022-01-25
Vukuzman,1251.0,18670.0,2022-01-26
Vukuzman,1252.0,18693.0,2022-01-27
Vukuzman,1252.0,18713.0,2022-01-28
Vukuzman,1253.0,18742.0,2022-01-29
Vukuzman,1255.0,18772.0,2022-01-30
Vukuzman,1257.0,18802.0,2022-01-31
Vukuzman,1259.0,18832.0,2022-02-01
Vukuzman,1259.0,18885.0,2022-02-02
Vukuzman,1260.0,18907.0,2022-02-03
Vukuzman,1260.0,18945.0,2022-02-04
Vukuzman,1261.0,18978.0,2022-02-05
Vukuzman,1261.0,19004.0,2022-02-06
Vukuzman,1261.0,19034.0,2022-02-07
Vukuzman,1262.0,19105.0,2022-02-08
Vukuzman,1263.0,19136.0,2022-02-09
Vukuzman,1263.0,19155.0,2022-02-10
Vukuzman,1264.0,19172.0,2022-02-11
Vukuzman,1268.0,19204.0,2022-02-12
Vukuzman,1268.0,19215.0,2022-02-13
Vukuzman,1268.0,19239.0,2022-02-14
Waechter2022,506.0,268.0,2021-12-31
Waechter2022,506.0,269.0,2022-01-01
Waechter2022,506.0,269.0,2022-01-02
Waechter2022,506.0,268.0,2022-01-03
Waechter2022,506.0,271.0,2022-01-04
Waechter2022,506.0,275.0,2022-01-05
Waechter2022,506.0,277.0,2022-01-06
Waechter2022,506.0,279.0,2022-01-07
Waechter2022,506.0,284.0,2022-01-08
Waechter2022,505.0,285.0,2022-01-09
Waechter2022,505.0,287.0,2022-01-10
Waechter2022,505.0,292.0,2022-01-11
Waechter2022,506.0,296.0,2022-01-12
Waechter2022,506.0,301.0,2022-01-13
Waechter2022,506.0,306.0,2022-01-14
Waechter2022,506.0,308.0,2022-01-15
Waechter2022,506.0,309.0,2022-01-16
Waechter2022,506.0,316.0,2022-01-17
Waechter2022,507.0,321.0,2022-01-18
Waechter2022,506.0,326.0,2022-01-19
Waechter2022,506.0,330.0,2022-01-20
Waechter2022,510.0,332.0,2022-01-21
Waechter2022,510.0,332.0,2022-01-22
Waechter2022,510.0,334.0,2022-01-23
Waechter2022,510.0,336.0,2022-01-24
Waechter2022,510.0,338.0,2022-01-25
Waechter2022,510.0,339.0,2022-01-26
Waechter2022,515.0,341.0,2022-01-27
Waechter2022,515.0,342.0,2022-01-28
Waechter2022,515.0,344.0,2022-01-29
Waechter2022,515.0,346.0,2022-01-30
Waechter2022,515.0,348.0,2022-01-31
Waechter2022,515.0,350.0,2022-02-01
Waechter2022,525.0,356.0,2022-02-02
Waechter2022,525.0,355.0,2022-02-03
Waechter2022,526.0,358.0,2022-02-04
Waechter2022,528.0,364.0,2022-02-05
Waechter2022,528.0,371.0,2022-02-06
Waechter2022,527.0,373.0,2022-02-07
Waechter2022,529.0,375.0,2022-02-08
Waechter2022,529.0,463.0,2022-02-09
Waechter2022,537.0,506.0,2022-02-10
Waechter2022,538.0,511.0,2022-02-11
Waechter2022,562.0,516.0,2022-02-12
Waechter2022,562.0,521.0,2022-02-13
Waechter2022,562.0,522.0,2022-02-14
ZemmourEric,27.0,330937.0,2021-12-31
ZemmourEric,27.0,331482.0,2022-01-01
ZemmourEric,27.0,332225.0,2022-01-02
ZemmourEric,27.0,332875.0,2022-01-03
ZemmourEric,27.0,333661.0,2022-01-04
ZemmourEric,28.0,335289.0,2022-01-05
ZemmourEric,28.0,336848.0,2022-01-06
ZemmourEric,28.0,337367.0,2022-01-07
ZemmourEric,28.0,337458.0,2022-01-08
ZemmourEric,28.0,337846.0,2022-01-09
ZemmourEric,28.0,339016.0,2022-01-10
ZemmourEric,28.0,339470.0,2022-01-11
ZemmourEric,28.0,339946.0,2022-01-12
ZemmourEric,28.0,340635.0,2022-01-13
ZemmourEric,31.0,341243.0,2022-01-14
ZemmourEric,31.0,341571.0,2022-01-15
ZemmourEric,33.0,342345.0,2022-01-16
ZemmourEric,34.0,342900.0,2022-01-17
ZemmourEric,34.0,343488.0,2022-01-18
ZemmourEric,34.0,343903.0,2022-01-19
ZemmourEric,36.0,344256.0,2022-01-20
ZemmourEric,36.0,344572.0,2022-01-21
ZemmourEric,36.0,344953.0,2022-01-22
ZemmourEric,36.0,345678.0,2022-01-23
ZemmourEric,36.0,346472.0,2022-01-24
ZemmourEric,36.0,347336.0,2022-01-25
ZemmourEric,36.0,347964.0,2022-01-26
ZemmourEric,36.0,348473.0,2022-01-27
ZemmourEric,36.0,349721.0,2022-01-28
ZemmourEric,36.0,350671.0,2022-01-29
ZemmourEric,36.0,351622.0,2022-01-30
ZemmourEric,36.0,352572.0,2022-01-31
ZemmourEric,36.0,353523.0,2022-02-01
ZemmourEric,36.0,354499.0,2022-02-02
ZemmourEric,36.0,355010.0,2022-02-03
ZemmourEric,37.0,355602.0,2022-02-04
ZemmourEric,37.0,356080.0,2022-02-05
ZemmourEric,37.0,356848.0,2022-02-06
ZemmourEric,37.0,357488.0,2022-02-07
ZemmourEric,37.0,357998.0,2022-02-08
ZemmourEric,37.0,358496.0,2022-02-09
ZemmourEric,37.0,358939.0,2022-02-10
ZemmourEric,43.0,359716.0,2022-02-11
ZemmourEric,43.0,360295.0,2022-02-12
ZemmourEric,43.0,360602.0,2022-02-13
ZemmourEric,43.0,361371.0,2022-02-14
antoine27955080,219.0,9072.0,2021-12-31
antoine27955080,219.0,9082.0,2022-01-01
antoine27955080,219.0,9079.0,2022-01-02
antoine27955080,220.0,9081.0,2022-01-03
antoine27955080,221.0,9123.0,2022-01-04
antoine27955080,221.0,9125.0,2022-01-05
antoine27955080,220.0,9133.0,2022-01-06
antoine27955080,221.0,9139.0,2022-01-07
antoine27955080,221.0,9138.0,2022-01-08
antoine27955080,221.0,9135.0,2022-01-09
antoine27955080,221.0,9136.0,2022-01-10
antoine27955080,221.0,9137.0,2022-01-11
antoine27955080,221.0,9135.0,2022-01-12
antoine27955080,221.0,9135.0,2022-01-13
antoine27955080,221.0,9134.0,2022-01-14
antoine27955080,222.0,9131.0,2022-01-15
antoine27955080,222.0,9132.0,2022-01-16
antoine27955080,222.0,9132.0,2022-01-17
antoine27955080,222.0,9130.0,2022-01-18
antoine27955080,222.0,9281.0,2022-01-19
antoine27955080,222.0,9288.0,2022-01-20
antoine27955080,223.0,9299.0,2022-01-21
antoine27955080,224.0,9297.0,2022-01-22
antoine27955080,224.0,9303.0,2022-01-23
antoine27955080,224.0,9304.0,2022-01-24
antoine27955080,224.0,9305.0,2022-01-25
antoine27955080,224.0,9301.0,2022-01-26
antoine27955080,224.0,9300.0,2022-01-27
antoine27955080,223.0,9296.0,2022-01-28
antoine27955080,223.0,9292.0,2022-01-29
antoine27955080,223.0,9289.0,2022-01-30
antoine27955080,223.0,9285.0,2022-01-31
antoine27955080,223.0,9282.0,2022-02-01
antoine27955080,223.0,9289.0,2022-02-02
antoine27955080,223.0,9289.0,2022-02-03
antoine27955080,223.0,9287.0,2022-02-04
antoine27955080,223.0,9281.0,2022-02-05
antoine27955080,224.0,9283.0,2022-02-06
antoine27955080,224.0,9281.0,2022-02-07
antoine27955080,225.0,9279.0,2022-02-08
antoine27955080,226.0,9275.0,2022-02-09
antoine27955080,226.0,9272.0,2022-02-10
antoine27955080,226.0,9270.0,2022-02-11
antoine27955080,226.0,9270.0,2022-02-12
antoine27955080,225.0,9269.0,2022-02-13
antoine27955080,225.0,9268.0,2022-02-14
dupontaignan,471.0,282180.0,2021-12-31
dupontaignan,471.0,282377.0,2022-01-01
dupontaignan,471.0,282671.0,2022-01-02
dupontaignan,471.0,282984.0,2022-01-03
dupontaignan,471.0,283342.0,2022-01-04
dupontaignan,471.0,284126.0,2022-01-05
dupontaignan,471.0,286029.0,2022-01-06
dupontaignan,471.0,286516.0,2022-01-07
dupontaignan,471.0,286919.0,2022-01-08
dupontaignan,470.0,287293.0,2022-01-09
dupontaignan,471.0,287745.0,2022-01-10
dupontaignan,470.0,287938.0,2022-01-11
dupontaignan,469.0,288267.0,2022-01-12
dupontaignan,469.0,288558.0,2022-01-13
dupontaignan,469.0,288873.0,2022-01-14
dupontaignan,469.0,289201.0,2022-01-15
dupontaignan,469.0,289539.0,2022-01-16
dupontaignan,469.0,289976.0,2022-01-17
dupontaignan,469.0,290371.0,2022-01-18
dupontaignan,469.0,290623.0,2022-01-19
dupontaignan,469.0,290860.0,2022-01-20
dupontaignan,469.0,291101.0,2022-01-21
dupontaignan,469.0,291362.0,2022-01-22
dupontaignan,469.0,291633.0,2022-01-23
dupontaignan,469.0,291868.0,2022-01-24
dupontaignan,469.0,292089.0,2022-01-25
dupontaignan,470.0,292315.0,2022-01-26
dupontaignan,470.0,292508.0,2022-01-27
dupontaignan,470.0,292661.0,2022-01-28
dupontaignan,470.0,293050.0,2022-01-29
dupontaignan,470.0,293439.0,2022-01-30
dupontaignan,470.0,293828.0,2022-01-31
dupontaignan,470.0,294218.0,2022-02-01
dupontaignan,470.0,294585.0,2022-02-02
dupontaignan,470.0,294731.0,2022-02-03
dupontaignan,470.0,294945.0,2022-02-04
dupontaignan,470.0,295084.0,2022-02-05
dupontaignan,470.0,295255.0,2022-02-06
dupontaignan,470.0,295343.0,2022-02-07
dupontaignan,470.0,295476.0,2022-02-08
dupontaignan,470.0,295614.0,2022-02-09
dupontaignan,470.0,295745.0,2022-02-10
dupontaignan,470.0,295891.0,2022-02-11
dupontaignan,470.0,296072.0,2022-02-12
dupontaignan,470.0,296246.0,2022-02-13
dupontaignan,470.0,296409.0,2022-02-14
f_philippot,874.0,304550.0,2021-12-31
f_philippot,875.0,304927.0,2022-01-01
f_philippot,874.0,305458.0,2022-01-02
f_philippot,874.0,306021.0,2022-01-03
f_philippot,874.0,306586.0,2022-01-04
f_philippot,874.0,307868.0,2022-01-05
f_philippot,874.0,309376.0,2022-01-06
f_philippot,874.0,309918.0,2022-01-07
f_philippot,874.0,310546.0,2022-01-08
f_philippot,876.0,311740.0,2022-01-09
f_philippot,876.0,312657.0,2022-01-10
f_philippot,876.0,313027.0,2022-01-11
f_philippot,875.0,313550.0,2022-01-12
f_philippot,876.0,314057.0,2022-01-13
f_philippot,877.0,314550.0,2022-01-14
f_philippot,878.0,315044.0,2022-01-15
f_philippot,877.0,315625.0,2022-01-16
f_philippot,878.0,316171.0,2022-01-17
f_philippot,878.0,316824.0,2022-01-18
f_philippot,877.0,317283.0,2022-01-19
f_philippot,877.0,317735.0,2022-01-20
f_philippot,878.0,318184.0,2022-01-21
f_philippot,877.0,318608.0,2022-01-22
f_philippot,877.0,319064.0,2022-01-23
f_philippot,876.0,319497.0,2022-01-24
f_philippot,876.0,319979.0,2022-01-25
f_philippot,878.0,320398.0,2022-01-26
f_philippot,878.0,320953.0,2022-01-27
f_philippot,880.0,321306.0,2022-01-28
f_philippot,880.0,321880.0,2022-01-29
f_philippot,880.0,322454.0,2022-01-30
f_philippot,880.0,323028.0,2022-01-31
f_philippot,881.0,323603.0,2022-02-01
f_philippot,881.0,324090.0,2022-02-02
f_philippot,881.0,324308.0,2022-02-03
f_philippot,881.0,324705.0,2022-02-04
f_philippot,881.0,325030.0,2022-02-05
f_philippot,881.0,325384.0,2022-02-06
f_philippot,883.0,325772.0,2022-02-07
f_philippot,884.0,326162.0,2022-02-08
f_philippot,884.0,326507.0,2022-02-09
f_philippot,886.0,326835.0,2022-02-10
f_philippot,886.0,327266.0,2022-02-11
f_philippot,886.0,327683.0,2022-02-12
f_philippot,887.0,328160.0,2022-02-13
f_philippot,888.0,328661.0,2022-02-14
jeanlassalle,447.0,66357.0,2021-12-31
jeanlassalle,447.0,66375.0,2022-01-01
jeanlassalle,447.0,66379.0,2022-01-02
jeanlassalle,447.0,66431.0,2022-01-03
jeanlassalle,447.0,66533.0,2022-01-04
jeanlassalle,447.0,66627.0,2022-01-05
jeanlassalle,447.0,66791.0,2022-01-06
jeanlassalle,447.0,66865.0,2022-01-07
jeanlassalle,447.0,66937.0,2022-01-08
jeanlassalle,447.0,66956.0,2022-01-09
jeanlassalle,447.0,66977.0,2022-01-10
jeanlassalle,447.0,67027.0,2022-01-11
jeanlassalle,447.0,67036.0,2022-01-12
jeanlassalle,447.0,67062.0,2022-01-13
jeanlassalle,448.0,67180.0,2022-01-14
jeanlassalle,449.0,67692.0,2022-01-15
jeanlassalle,449.0,67769.0,2022-01-16
jeanlassalle,449.0,67816.0,2022-01-17
jeanlassalle,449.0,67889.0,2022-01-18
jeanlassalle,449.0,67910.0,2022-01-19
jeanlassalle,449.0,67924.0,2022-01-20
jeanlassalle,449.0,67937.0,2022-01-21
jeanlassalle,449.0,68086.0,2022-01-22
jeanlassalle,449.0,68198.0,2022-01-23
jeanlassalle,450.0,68202.0,2022-01-24
jeanlassalle,451.0,68226.0,2022-01-25
jeanlassalle,451.0,68251.0,2022-01-26
jeanlassalle,451.0,68292.0,2022-01-27
jeanlassalle,451.0,68300.0,2022-01-28
jeanlassalle,451.0,68321.0,2022-01-29
jeanlassalle,451.0,68342.0,2022-01-30
jeanlassalle,451.0,68363.0,2022-01-31
jeanlassalle,451.0,68385.0,2022-02-01
jeanlassalle,451.0,68420.0,2022-02-02
jeanlassalle,451.0,68444.0,2022-02-03
jeanlassalle,451.0,68464.0,2022-02-04
jeanlassalle,451.0,68484.0,2022-02-05
jeanlassalle,451.0,68519.0,2022-02-06
jeanlassalle,451.0,68539.0,2022-02-07
jeanlassalle,451.0,68544.0,2022-02-08
jeanlassalle,451.0,68564.0,2022-02-09
jeanlassalle,451.0,68703.0,2022-02-10
jeanlassalle,451.0,68772.0,2022-02-11
jeanlassalle,451.0,68799.0,2022-02-12
jeanlassalle,451.0,68801.0,2022-02-13
jeanlassalle,451.0,68801.0,2022-02-14
n_arthaud,1412.0,21815.0,2021-12-31
n_arthaud,1416.0,21847.0,2022-01-01
n_arthaud,1415.0,21875.0,2022-01-02
n_arthaud,1415.0,21885.0,2022-01-03
n_arthaud,1415.0,21917.0,2022-01-04
n_arthaud,1415.0,21958.0,2022-01-05
n_arthaud,1416.0,21988.0,2022-01-06
n_arthaud,1416.0,22009.0,2022-01-07
n_arthaud,1416.0,22032.0,2022-01-08
n_arthaud,1416.0,22051.0,2022-01-09
n_arthaud,1415.0,22083.0,2022-01-10
n_arthaud,1419.0,22101.0,2022-01-11
n_arthaud,1419.0,22160.0,2022-01-12
n_arthaud,1419.0,22201.0,2022-01-13
n_arthaud,1419.0,22237.0,2022-01-14
n_arthaud,1419.0,22253.0,2022-01-15
n_arthaud,1419.0,22283.0,2022-01-16
n_arthaud,1419.0,22332.0,2022-01-17
n_arthaud,1419.0,22380.0,2022-01-18
n_arthaud,1419.0,22431.0,2022-01-19
n_arthaud,1420.0,22477.0,2022-01-20
n_arthaud,1421.0,22490.0,2022-01-21
n_arthaud,1421.0,22504.0,2022-01-22
n_arthaud,1421.0,22543.0,2022-01-23
n_arthaud,1421.0,22574.0,2022-01-24
n_arthaud,1421.0,22604.0,2022-01-25
n_arthaud,1421.0,22811.0,2022-01-26
n_arthaud,1421.0,22897.0,2022-01-27
n_arthaud,1421.0,22931.0,2022-01-28
n_arthaud,1421.0,23002.0,2022-01-29
n_arthaud,1421.0,23073.0,2022-01-30
n_arthaud,1421.0,23144.0,2022-01-31
n_arthaud,1422.0,23215.0,2022-02-01
n_arthaud,1422.0,23248.0,2022-02-02
n_arthaud,1422.0,23274.0,2022-02-03
n_arthaud,1422.0,23302.0,2022-02-04
n_arthaud,1422.0,23333.0,2022-02-05
n_arthaud,1421.0,23381.0,2022-02-06
n_arthaud,1421.0,23412.0,2022-02-07
n_arthaud,1421.0,23463.0,2022-02-08
n_arthaud,1422.0,23890.0,2022-02-09
n_arthaud,1425.0,24223.0,2022-02-10
n_arthaud,1425.0,24339.0,2022-02-11
n_arthaud,1425.0,24399.0,2022-02-12
n_arthaud,1425.0,24443.0,2022-02-13
n_arthaud,1426.0,24494.0,2022-02-14
vpecresse,1501.0,407465.0,2021-12-31
vpecresse,1501.0,407881.0,2022-01-01
vpecresse,1501.0,408575.0,2022-01-02
vpecresse,1501.0,409173.0,2022-01-03
vpecresse,1501.0,409753.0,2022-01-04
vpecresse,1501.0,410614.0,2022-01-05
vpecresse,1501.0,411671.0,2022-01-06
vpecresse,1501.0,412103.0,2022-01-07
vpecresse,1501.0,412659.0,2022-01-08
vpecresse,1501.0,413217.0,2022-01-09
vpecresse,1501.0,413960.0,2022-01-10
vpecresse,1501.0,414250.0,2022-01-11
vpecresse,1501.0,414701.0,2022-01-12
vpecresse,1503.0,415128.0,2022-01-13
vpecresse,1503.0,415619.0,2022-01-14
vpecresse,1503.0,415958.0,2022-01-15
vpecresse,1503.0,416477.0,2022-01-16
vpecresse,1504.0,416873.0,2022-01-17
vpecresse,1504.0,417344.0,2022-01-18
vpecresse,1504.0,418159.0,2022-01-19
vpecresse,1504.0,418756.0,2022-01-20
vpecresse,1504.0,419190.0,2022-01-21
vpecresse,1504.0,419520.0,2022-01-22
vpecresse,1504.0,419915.0,2022-01-23
vpecresse,1504.0,420453.0,2022-01-24
vpecresse,1504.0,420864.0,2022-01-25
vpecresse,1504.0,421215.0,2022-01-26
vpecresse,1504.0,421698.0,2022-01-27
vpecresse,1504.0,422126.0,2022-01-28
vpecresse,1504.0,422638.0,2022-01-29
vpecresse,1504.0,423151.0,2022-01-30
vpecresse,1504.0,423664.0,2022-01-31
vpecresse,1504.0,424177.0,2022-02-01
vpecresse,1504.0,424737.0,2022-02-02
vpecresse,1504.0,425035.0,2022-02-03
vpecresse,1503.0,425434.0,2022-02-04
vpecresse,1503.0,425760.0,2022-02-05
vpecresse,1504.0,426147.0,2022-02-06
vpecresse,1504.0,426599.0,2022-02-07
vpecresse,1504.0,427011.0,2022-02-08
vpecresse,1505.0,427350.0,2022-02-09
vpecresse,1505.0,427732.0,2022-02-10
vpecresse,1505.0,428128.0,2022-02-11
vpecresse,1505.0,428528.0,2022-02-12
vpecresse,1505.0,428870.0,2022-02-13
vpecresse,1505.0,429683.0,2022-02-14
yjadot,1457.0,86161.0,2021-12-31
yjadot,1457.0,86228.0,2022-01-01
yjadot,1457.0,86309.0,2022-01-02
yjadot,1457.0,86416.0,2022-01-03
yjadot,1457.0,86506.0,2022-01-04
yjadot,1457.0,86702.0,2022-01-05
yjadot,1457.0,86991.0,2022-01-06
yjadot,1457.0,87112.0,2022-01-07
yjadot,1457.0,87275.0,2022-01-08
yjadot,1457.0,87426.0,2022-01-09
yjadot,1457.0,87690.0,2022-01-10
yjadot,1458.0,87844.0,2022-01-11
yjadot,1458.0,87983.0,2022-01-12
yjadot,1460.0,88178.0,2022-01-13
yjadot,1459.0,88290.0,2022-01-14
yjadot,1460.0,88438.0,2022-01-15
yjadot,1460.0,88657.0,2022-01-16
yjadot,1460.0,88930.0,2022-01-17
yjadot,1460.0,89114.0,2022-01-18
yjadot,1460.0,89312.0,2022-01-19
yjadot,1460.0,89670.0,2022-01-20
yjadot,1461.0,89852.0,2022-01-21
yjadot,1461.0,89973.0,2022-01-22
yjadot,1461.0,90088.0,2022-01-23
yjadot,1461.0,90322.0,2022-01-24
yjadot,1460.0,90527.0,2022-01-25
yjadot,1460.0,90730.0,2022-01-26
yjadot,1460.0,90940.0,2022-01-27
yjadot,1462.0,91085.0,2022-01-28
yjadot,1462.0,91402.0,2022-01-29
yjadot,1462.0,91719.0,2022-01-30
yjadot,1462.0,92036.0,2022-01-31
yjadot,1462.0,92354.0,2022-02-01
yjadot,1462.0,92601.0,2022-02-02
yjadot,1462.0,92749.0,2022-02-03
yjadot,1462.0,92914.0,2022-02-04
yjadot,1463.0,93050.0,2022-02-05
yjadot,1464.0,93142.0,2022-02-06
yjadot,1464.0,93314.0,2022-02-07
yjadot,1464.0,93461.0,2022-02-08
yjadot,1464.0,93666.0,2022-02-09
yjadot,1464.0,93828.0,2022-02-10
yjadot,1464.0,93981.0,2022-02-11
yjadot,1468.0,94116.0,2022-02-12
yjadot,1468.0,94225.0,2022-02-13
yjadot,1468.0,94400.0,2022-02-14
